<?xml version="1.0" encoding="UTF-8"?>  
<!DOCTYPE generatorConfiguration  
  PUBLIC "-//mybatis.org//DTD MyBatis Generator Configuration 1.0//EN"  
  "http://mybatis.org/dtd/mybatis-generator-config_1_0.dtd">

<generatorConfiguration>
	<!-- <classPathEntry location="classpath:mysql-connector-java-5.1.9.jar" 
		/> -->

	<context id="DB2Tables" targetRuntime="MyBatis3">

		<property name="javaFileEncoding" value="UTF-8" />

		<commentGenerator type="com.ybwh.mybaitsGen.MyCommentGenerator">
			<property name="suppressDate" value="true" />
			<property name="suppressAllComments" value="false" />
		</commentGenerator>

		<jdbcConnection driverClass="com.mysql.jdbc.Driver"
			connectionURL="jdbc:mysql://10.0.11.23:3306/incar" userId="root"
			password="root@2014">
		</jdbcConnection>

		<javaTypeResolver type="com.ybwh.mybaitsGen.MyJavaTypeResolver">
			<property name="forceBigDecimals" value="false" />
		</javaTypeResolver>

		<javaModelGenerator targetPackage="com.incar.monitor.model.entity"
			targetProject="E:\github\practice\mybaitsGen\src\test\java">
			<property name="enableSubPackages" value="true" />
			<property name="trimStrings" value="true" />
		</javaModelGenerator>

		<sqlMapGenerator targetPackage="mapper"
			targetProject="E:\github\practice\mybaitsGen\src\test\java">
			<property name="enableSubPackages" value="true" />
		</sqlMapGenerator>

		<javaClientGenerator type="XMLMAPPER"
			targetPackage="mapper" targetProject="E:\github\practice\mybaitsGen\src\test\java">
			<property name="enableSubPackages" value="true" />
		</javaClientGenerator>



		<!-- 表格配置 -->
		<table tableName="t_sim" domainObjectName="SimCard"
			enableCountByExample="false" enableUpdateByExample="false"
			enableDeleteByExample="false" enableSelectByExample="false"
			selectByExampleQueryId="false">
		</table>

		<table tableName="t_repair" domainObjectName="RepairInfo"
			enableCountByExample="false" enableUpdateByExample="false"
			enableDeleteByExample="false" enableSelectByExample="false"
			selectByExampleQueryId="false">
		</table>


		<table tableName="t_can_bms" domainObjectName="CanBms"
			enableCountByExample="false" enableUpdateByExample="false"
			enableDeleteByExample="false" enableSelectByExample="false"
			selectByExampleQueryId="false">
		</table>

	</context>
</generatorConfiguration>  